{"cameraMode":{"drawMode":0,"name":"Shaded","section":"Shading Mode"},"sceneLighting":true,"audioPlay":false,"sceneViewState":{"showFog":true,"showMaterialUpdate":true,"showSkybox":true,"showFlares":true,"showImageEffects":true,"showParticleSystems":true},"in2DMode":false,"pivot":{"x":3.6236252784729006,"y":0.90351402759552,"z":-0.2546689510345459},"rotation":{"x":0.24997608363628388,"y":0.3955875039100647,"z":-0.11281061172485352,"w":0.8765321969985962},"size":1.8420958518981934,"orthographic":false}