{"cameraMode":{"drawMode":0,"name":"Shaded","section":"Shading Mode"},"sceneLighting":true,"audioPlay":false,"sceneViewState":{"showFog":true,"showMaterialUpdate":false,"showSkybox":true,"showFlares":true,"showImageEffects":true,"showParticleSystems":true},"in2DMode":false,"pivot":{"x":0.15333247184753419,"y":1.4816592931747437,"z":-0.16391944885253907},"rotation":{"x":-0.004725358448922634,"y":0.992848813533783,"z":-0.04203411936759949,"w":-0.11186471581459046},"size":5.212967395782471,"orthographic":false}