{"cameraMode":{"drawMode":0,"name":"Shaded","section":"Shading Mode"},"sceneLighting":true,"audioPlay":false,"sceneViewState":{"showFog":true,"showMaterialUpdate":false,"showSkybox":true,"showFlares":true,"showImageEffects":true,"showParticleSystems":true},"in2DMode":false,"pivot":{"x":-352.46063232421877,"y":53.22184753417969,"z":1372.704833984375},"rotation":{"x":-0.007412884850054979,"y":-0.9893898963928223,"z":0.1346973031759262,"w":-0.05436704307794571},"size":30.913068771362306,"orthographic":false}