{"cameraMode":{"drawMode":0,"name":"Shaded","section":"Shading Mode"},"sceneLighting":true,"audioPlay":false,"sceneViewState":{"showFog":true,"showMaterialUpdate":false,"showSkybox":true,"showFlares":true,"showImageEffects":true,"showParticleSystems":true},"in2DMode":false,"pivot":{"x":0.26999998092651369,"y":0.009999999776482582,"z":-5.139999866485596},"rotation":{"x":-0.1863507181406021,"y":-0.06126786023378372,"z":0.011628453619778157,"w":-0.9805293679237366},"size":5.685216426849365,"orthographic":false}