{"cameraMode":{"drawMode":0,"name":"Shaded","section":"Shading Mode"},"sceneLighting":true,"audioPlay":false,"sceneViewState":{"showFog":true,"showMaterialUpdate":false,"showSkybox":true,"showFlares":true,"showImageEffects":true,"showParticleSystems":true},"in2DMode":false,"pivot":{"x":132.75616455078126,"y":349.31036376953127,"z":30.51580810546875},"rotation":{"x":-0.0865965411067009,"y":0.8957284092903137,"z":-0.38751620054244997,"w":-0.2001967430114746},"size":609.9313354492188,"orthographic":false}