{"cameraMode":{"drawMode":0,"name":"Shaded","section":"Shading Mode"},"sceneLighting":true,"audioPlay":false,"sceneViewState":{"showFog":true,"showMaterialUpdate":false,"showSkybox":true,"showFlares":true,"showImageEffects":true,"showParticleSystems":true},"in2DMode":false,"pivot":{"x":-6.4480085372924809,"y":2.641913414001465,"z":0.289306640625},"rotation":{"x":-0.18025317788124085,"y":-0.07752294838428498,"z":0.014242369681596756,"w":-0.9804821014404297},"size":10.182153701782227,"orthographic":false}