{"cameraMode":{"drawMode":0,"name":"Shaded","section":"Shading Mode"},"sceneLighting":true,"audioPlay":false,"sceneViewState":{"showFog":true,"showMaterialUpdate":false,"showSkybox":true,"showFlares":true,"showImageEffects":true,"showParticleSystems":true},"in2DMode":false,"pivot":{"x":2.565865993499756,"y":1.3469905853271485,"z":2.923034429550171},"rotation":{"x":-0.22430294752120973,"y":-0.4538312554359436,"z":0.11917819082736969,"w":-0.8541276454925537},"size":4.7139410972595219,"orthographic":false}