{"cameraMode":{"drawMode":0,"name":"Shaded","section":"Shading Mode"},"sceneLighting":true,"audioPlay":false,"sceneViewState":{"showFog":true,"showMaterialUpdate":false,"showSkybox":true,"showFlares":true,"showImageEffects":true,"showParticleSystems":true},"in2DMode":false,"pivot":{"x":1182.3349609375,"y":101.594482421875,"z":2201.97607421875},"rotation":{"x":-0.014744947664439679,"y":-0.9670301675796509,"z":0.24775740504264832,"w":-0.05750183388590813},"size":194.70904541015626,"orthographic":false}