{"cameraMode":{"drawMode":0,"name":"Shaded","section":"Shading Mode"},"sceneLighting":true,"audioPlay":false,"sceneViewState":{"showFog":true,"showMaterialUpdate":false,"showSkybox":true,"showFlares":true,"showImageEffects":true,"showParticleSystems":true},"in2DMode":false,"pivot":{"x":259.50457763671877,"y":-235.521240234375,"z":883.249755859375},"rotation":{"x":-0.031762637197971347,"y":0.9602174758911133,"z":-0.24908624589443208,"w":-0.12249605357646942},"size":3349.25732421875,"orthographic":false}