{"cameraMode":{"drawMode":0,"name":"Shaded","section":"Shading Mode"},"sceneLighting":true,"audioPlay":false,"sceneViewState":{"showFog":true,"showMaterialUpdate":false,"showSkybox":true,"showFlares":true,"showImageEffects":true,"showParticleSystems":true},"in2DMode":false,"pivot":{"x":1175.8336181640625,"y":33.991397857666019,"z":2072.8583984375},"rotation":{"x":-0.379528284072876,"y":-0.2380952090024948,"z":0.1017354428768158,"w":-0.8882172107696533},"size":25.420978546142579,"orthographic":false}