{"cameraMode":{"drawMode":0,"name":"Shaded","section":"Shading Mode"},"sceneLighting":true,"audioPlay":false,"sceneViewState":{"showFog":true,"showMaterialUpdate":false,"showSkybox":true,"showFlares":true,"showImageEffects":true,"showParticleSystems":true},"in2DMode":false,"pivot":{"x":2.0845227241516115,"y":1.8432105779647828,"z":0.16715280711650849},"rotation":{"x":-0.14494362473487855,"y":-0.6583020687103272,"z":0.13125768303871156,"w":-0.7269197702407837},"size":0.8139410614967346,"orthographic":false}