{"cameraMode":{"drawMode":0,"name":"Shaded","section":"Shading Mode"},"sceneLighting":true,"audioPlay":false,"sceneViewState":{"showFog":true,"showMaterialUpdate":false,"showSkybox":true,"showFlares":true,"showImageEffects":true,"showParticleSystems":true},"in2DMode":false,"pivot":{"x":289.05145263671877,"y":33.99134826660156,"z":3253.362060546875},"rotation":{"x":-0.007412884850054979,"y":-0.9893898963928223,"z":0.1346973031759262,"w":-0.05436704307794571},"size":149.63450622558595,"orthographic":false}