{"cameraMode":{"drawMode":0,"name":"Shaded","section":"Shading Mode"},"sceneLighting":true,"audioPlay":false,"sceneViewState":{"showFog":true,"showMaterialUpdate":false,"showSkybox":true,"showFlares":true,"showImageEffects":true,"showParticleSystems":true},"in2DMode":false,"pivot":{"x":-7.138041973114014,"y":52.11378479003906,"z":17.272907257080079},"rotation":{"x":-0.0767369195818901,"y":0.0005966924363747239,"z":-0.00005620077718049288,"w":-0.9970796704292297},"size":14.546807289123536,"orthographic":false}