{"cameraMode":{"drawMode":0,"name":"Shaded","section":"Shading Mode"},"sceneLighting":true,"audioPlay":false,"sceneViewState":{"showFog":true,"showMaterialUpdate":false,"showSkybox":true,"showFlares":true,"showImageEffects":true,"showParticleSystems":true},"in2DMode":false,"pivot":{"x":1184.3984375,"y":36.105255126953128,"z":2079.134033203125},"rotation":{"x":0.1527142971754074,"y":-0.0044539449736475948,"z":0.0006935182027518749,"w":0.9883040189743042},"size":4.087644100189209,"orthographic":false}