{"cameraMode":{"drawMode":0,"name":"Shaded","section":"Shading Mode"},"sceneLighting":true,"audioPlay":false,"sceneViewState":{"showFog":true,"showMaterialUpdate":false,"showSkybox":true,"showFlares":true,"showImageEffects":true,"showParticleSystems":true},"in2DMode":false,"pivot":{"x":148.32525634765626,"y":238.71011352539063,"z":1973.8582763671875},"rotation":{"x":0.05765444412827492,"y":-0.9416199326515198,"z":0.2143361121416092,"w":0.25330695509910586},"size":28.438617706298829,"orthographic":false}