{"cameraMode":{"drawMode":0,"name":"Shaded","section":"Shading Mode"},"sceneLighting":false,"audioPlay":false,"sceneViewState":{"showFog":true,"showMaterialUpdate":false,"showSkybox":false,"showFlares":true,"showImageEffects":true,"showParticleSystems":true},"in2DMode":false,"pivot":{"x":193.22727966308595,"y":183.02285766601563,"z":-49.541831970214847},"rotation":{"x":-0.05495529994368553,"y":-0.9371979236602783,"z":0.17286643385887147,"w":-0.29794004559516909},"size":0.8660253882408142,"orthographic":true}