{"cameraMode":{"drawMode":0,"name":"Shaded","section":"Shading Mode"},"sceneLighting":true,"audioPlay":false,"sceneViewState":{"showFog":true,"showMaterialUpdate":false,"showSkybox":true,"showFlares":true,"showImageEffects":true,"showParticleSystems":true},"in2DMode":false,"pivot":{"x":2.7240097522735597,"y":0.03745761513710022,"z":-0.8186171054840088},"rotation":{"x":-0.04854201897978783,"y":0.044628988951444629,"z":-0.002170884981751442,"w":-0.9978232383728027},"size":159.11862182617188,"orthographic":false}