{"cameraMode":{"drawMode":0,"name":"Shaded","section":"Shading Mode"},"sceneLighting":true,"audioPlay":false,"sceneViewState":{"showFog":true,"showMaterialUpdate":false,"showSkybox":true,"showFlares":true,"showImageEffects":true,"showParticleSystems":true},"in2DMode":false,"pivot":{"x":-0.19871020317077638,"y":0.009999999776482582,"z":-3.9950623512268068},"rotation":{"x":-0.06501448899507523,"y":-0.9349664449691773,"z":0.24312351644039155,"w":-0.25002485513687136},"size":6.8561835289001469,"orthographic":true}