{"cameraMode":{"drawMode":0,"name":"Shaded","section":"Shading Mode"},"sceneLighting":true,"audioPlay":false,"sceneViewState":{"showFog":true,"showMaterialUpdate":false,"showSkybox":true,"showFlares":true,"showImageEffects":true,"showParticleSystems":true},"in2DMode":false,"pivot":{"x":-0.19871020317077638,"y":0.009999999776482582,"z":-3.9950623512268068},"rotation":{"x":-0.05495529994368553,"y":-0.9371979236602783,"z":0.17286643385887147,"w":-0.29794004559516909},"size":9.31400203704834,"orthographic":true}