{"cameraMode":{"drawMode":0,"name":"Shaded","section":"Shading Mode"},"sceneLighting":true,"audioPlay":false,"sceneViewState":{"showFog":true,"showMaterialUpdate":false,"showSkybox":true,"showFlares":true,"showImageEffects":true,"showParticleSystems":true},"in2DMode":false,"pivot":{"x":-314.61920166015627,"y":74.96287536621094,"z":2348.1103515625},"rotation":{"x":-0.2299184501171112,"y":0.27909040451049807,"z":-0.06897091120481491,"w":-0.9298157095909119},"size":37.0745735168457,"orthographic":false}