{"cameraMode":{"drawMode":0,"name":"Shaded","section":"Shading Mode"},"sceneLighting":true,"audioPlay":false,"sceneViewState":{"showFog":true,"showMaterialUpdate":false,"showSkybox":true,"showFlares":true,"showImageEffects":true,"showParticleSystems":true},"in2DMode":false,"pivot":{"x":0.8072426319122315,"y":33.4605598449707,"z":744.861328125},"rotation":{"x":0.3145575523376465,"y":0.16126559674739839,"z":-0.0543198324739933,"w":0.9338629841804504},"size":4.83499002456665,"orthographic":false}