{"cameraMode":{"drawMode":0,"name":"Shaded","section":"Shading Mode"},"sceneLighting":true,"audioPlay":false,"sceneViewState":{"showFog":true,"showMaterialUpdate":false,"showSkybox":true,"showFlares":true,"showImageEffects":true,"showParticleSystems":true},"in2DMode":false,"pivot":{"x":2.299999952316284,"y":1.9999998807907105,"z":0.09999990463256836},"rotation":{"x":-0.06294582039117813,"y":0.5793903470039368,"z":-0.04490990564227104,"w":-0.8114118576049805},"size":4.166447162628174,"orthographic":false}