{"cameraMode":{"drawMode":0,"name":"Shaded","section":"Shading Mode"},"sceneLighting":true,"audioPlay":false,"sceneViewState":{"showFog":true,"showMaterialUpdate":false,"showSkybox":true,"showFlares":true,"showImageEffects":true,"showParticleSystems":true},"in2DMode":false,"pivot":{"x":-3.0147886276245119,"y":17.696781158447267,"z":749.6485595703125},"rotation":{"x":0.43376094102859499,"y":-0.10234373807907105,"z":0.04966612905263901,"w":0.8938199281692505},"size":21.371021270751954,"orthographic":false}