{"cameraMode":{"drawMode":0,"name":"Shaded","section":"Shading Mode"},"sceneLighting":true,"audioPlay":false,"sceneViewState":{"showFog":true,"showMaterialUpdate":false,"showSkybox":true,"showFlares":true,"showImageEffects":true,"showParticleSystems":true},"in2DMode":false,"pivot":{"x":1274.2825927734375,"y":420.6690673828125,"z":1380.2283935546875},"rotation":{"x":0.2709515392780304,"y":-0.028008729219436647,"z":0.007887868210673333,"w":0.9621553421020508},"size":-58.85516357421875,"orthographic":false}