{"cameraMode":{"drawMode":0,"name":"Shaded","section":"Shading Mode"},"sceneLighting":true,"audioPlay":false,"sceneViewState":{"showFog":true,"showMaterialUpdate":false,"showSkybox":true,"showFlares":true,"showImageEffects":true,"showParticleSystems":true},"in2DMode":false,"pivot":{"x":-139.96185302734376,"y":201.2947998046875,"z":1187.7313232421875},"rotation":{"x":-0.26756876707077029,"y":0.6382923126220703,"z":-0.25258389115333559,"w":-0.676160454750061},"size":36.84678268432617,"orthographic":false}