{"cameraMode":{"drawMode":0,"name":"Shaded","section":"Shading Mode"},"sceneLighting":true,"audioPlay":false,"sceneViewState":{"showFog":true,"showMaterialUpdate":false,"showSkybox":true,"showFlares":true,"showImageEffects":true,"showParticleSystems":true},"in2DMode":false,"pivot":{"x":0.8053221106529236,"y":2.6903324127197267,"z":0.7169117331504822},"rotation":{"x":-0.17020654678344727,"y":0.7050251960754395,"z":-0.1806318610906601,"w":-0.6643445491790772},"size":10.0,"orthographic":false}