{"cameraMode":{"drawMode":0,"name":"Shaded","section":"Shading Mode"},"sceneLighting":true,"audioPlay":false,"sceneViewState":{"showFog":true,"showMaterialUpdate":false,"showSkybox":true,"showFlares":true,"showImageEffects":true,"showParticleSystems":true},"in2DMode":false,"pivot":{"x":2.299999952316284,"y":1.75,"z":0.19999998807907105},"rotation":{"x":-0.22602620720863343,"y":0.30423417687416079,"z":-0.07455091178417206,"w":-0.9223875403404236},"size":0.8139412999153137,"orthographic":false}