{"cameraMode":{"drawMode":0,"name":"Shaded","section":"Shading Mode"},"sceneLighting":false,"audioPlay":false,"sceneViewState":{"showFog":true,"showMaterialUpdate":false,"showSkybox":false,"showFlares":true,"showImageEffects":true,"showParticleSystems":true},"in2DMode":false,"pivot":{"x":2.7428641319274904,"y":3.239682674407959,"z":1.340591549873352},"rotation":{"x":-0.11502689123153687,"y":0.8261498808860779,"z":-0.18257586658000947,"w":-0.5204947590827942},"size":0.6384471654891968,"orthographic":false}