{"cameraMode":{"drawMode":0,"name":"Shaded","section":"Shading Mode"},"sceneLighting":false,"audioPlay":false,"sceneViewState":{"showFog":true,"showMaterialUpdate":false,"showSkybox":false,"showFlares":true,"showImageEffects":true,"showParticleSystems":true},"in2DMode":false,"pivot":{"x":0.05573353171348572,"y":1.1500080823898316,"z":1.14524507522583},"rotation":{"x":0.03503287211060524,"y":0.9504333734512329,"z":-0.2862111032009125,"w":0.1163344755768776},"size":0.7383050322532654,"orthographic":false}